reasoning_type	num_tests	acc_wo_partial_credit	acc_w_partial_credit	stdev_acc_w_partial_credit
motion	12	0.08333333333333333	0.2853009259259259	0.3707260119764093
orientation	5	0.0	0.16605105105105106	0.20421365682061143
distance	20	0.5	0.5558333333333334	0.49091821563723265
containment	28	0.17857142857142858	0.3704906204906204	0.41650341423411974
metaphor	27	0.5925925925925926	0.6364197530864197	0.4469670778293559
