reasoning_type	num_tests	acc_wo_partial_credit	acc_w_partial_credit	stdev_acc_w_partial_credit
motion	12	0.5	0.8396990740740741	0.18262388891837072
orientation	7	0.0	0.43219246031746034	0.23705959659637357
distance	20	0.45	0.6395833333333333	0.411787052235605
containment	28	0.2857142857142857	0.5767746913580247	0.4321394075164343
metaphor	27	0.14814814814814814	0.2006687242798354	0.376337230592111
