reasoning_type	num_tests	acc_wo_partial_credit	acc_w_partial_credit	stdev_acc_w_partial_credit
motion	12	0.6666666666666666	0.8564814814814815	0.21601079902385562
orientation	7	0.0	0.39869260204081636	0.24830345526308562
distance	20	0.3	0.7731250000000001	0.3256736474644176
containment	28	0.21428571428571427	0.5941007295173962	0.4132875497134209
metaphor	27	0.14814814814814814	0.2720679012345679	0.3863205780317967
