reasoning_type	num_tests	acc_wo_partial_credit	acc_w_partial_credit	stdev_acc_w_partial_credit
motion	12	0.4166666666666667	0.7667824074074073	0.2535666733798764
orientation	7	0.14285714285714285	0.5387117346938776	0.3425798806556992
distance	20	0.55	0.6385416666666667	0.4384293205263788
containment	28	0.2857142857142857	0.5335497835497834	0.4424151723404446
metaphor	27	0.14814814814814814	0.25967078189300413	0.35060726139580634
