reasoning_type	num_tests	acc_wo_partial_credit	acc_w_partial_credit	stdev_acc_w_partial_credit
motion	12	0.0	0.2511574074074074	0.36757298611299966
orientation	5	0.0	0.2677927927927928	0.3377930901296041
distance	20	0.5	0.5736458333333333	0.4745594974077129
containment	28	0.10714285714285714	0.29120821308321304	0.3632528948649258
metaphor	27	0.5555555555555556	0.6276234567901234	0.468384663046679
