reasoning_type	num_tests	acc_wo_partial_credit	acc_w_partial_credit	stdev_acc_w_partial_credit
motion	12	0.3333333333333333	0.7835648148148149	0.2236972410996233
orientation	7	0.0	0.4949121315192744	0.34701497991790864
distance	20	0.45	0.5882291666666666	0.4757182412437885
containment	28	0.17857142857142858	0.5110078964245631	0.39428747736790903
metaphor	27	0.2222222222222222	0.283179012345679	0.42355795276887087
