reasoning_type	num_tests	acc_wo_partial_credit	acc_w_partial_credit	stdev_acc_w_partial_credit
motion	12	0.25	0.3159722222222222	0.4498772766468761
orientation	5	0.0	0.12892238392238392	0.15654756410796608
distance	20	0.4	0.5660416666666667	0.44030504537889537
containment	21	0.14285714285714285	0.35503275384227767	0.41459459200840393
