reasoning_type	num_tests	acc_wo_partial_credit	acc_w_partial_credit	stdev_acc_w_partial_credit
motion	12	0.4166666666666667	0.7638888888888888	0.28378912141253543
orientation	7	0.14285714285714285	0.42966624149659866	0.29105199664009723
distance	20	0.45	0.6101041666666667	0.42302916966258564
containment	28	0.17857142857142858	0.6210517877184544	0.4112773413376603
metaphor	27	0.18518518518518517	0.2528292181069959	0.39630287317893353
