reasoning_type	num_tests	acc_wo_partial_credit	acc_w_partial_credit	stdev_acc_w_partial_credit
motion	12	0.6666666666666666	0.8512731481481483	0.2424340322838993
orientation	7	0.2857142857142857	0.6193842120181406	0.3635424783160255
distance	20	0.55	0.6940625	0.3976271170566087
containment	28	0.35714285714285715	0.7067274931858265	0.3557478895621236
metaphor	27	0.18518518518518517	0.22371399176954732	0.383322323067174
