reasoning_type	num_tests	acc_wo_partial_credit	acc_w_partial_credit	stdev_acc_w_partial_credit
motion	12	0.0	0.2945601851851852	0.255398539181443
orientation	7	0.0	0.19788477891156458	0.22161012240059488
distance	20	0.1	0.35083333333333333	0.387826027720907
containment	28	0.0	0.4737178330928331	0.25277392469964033
metaphor	27	0.2222222222222222	0.4726851851851852	0.38965331248730245
