reasoning_type	num_tests	acc_wo_partial_credit	acc_w_partial_credit	stdev_acc_w_partial_credit
motion	12	0.4166666666666667	0.767361111111111	0.3077115122038796
orientation	7	0.14285714285714285	0.5497059240362812	0.3390786480875375
distance	20	0.55	0.7096875	0.36631865290857085
containment	28	0.25	0.5706444404361071	0.41638087649456906
metaphor	27	0.14814814814814814	0.22762345679012344	0.3939488085662484
