reasoning_type	num_tests	acc_wo_partial_credit	acc_w_partial_credit	stdev_acc_w_partial_credit
motion	12	0.6666666666666666	0.9166666666666666	0.13935108280826305
orientation	7	0.0	0.5343076814058957	0.2337275640813868
distance	20	0.45	0.6182291666666667	0.410133613793352
containment	28	0.35714285714285715	0.6637355699855699	0.4183243767191888
metaphor	27	0.18518518518518517	0.21296296296296297	0.3851228582052856
