reasoning_type	num_tests	acc_wo_partial_credit	acc_w_partial_credit	stdev_acc_w_partial_credit
motion	12	0.5	0.8385416666666666	0.210656892116037
orientation	7	0.0	0.5418509070294785	0.25829814190097566
distance	20	0.45	0.6138541666666668	0.41977914321683624
containment	28	0.21428571428571427	0.6148889690556357	0.4172322915767636
metaphor	27	0.2222222222222222	0.3103909465020576	0.42087829799074794
