reasoning_type	num_tests	acc_wo_partial_credit	acc_w_partial_credit	stdev_acc_w_partial_credit
motion	12	0.25	0.7349537037037034	0.2509920090309524
orientation	7	0.14285714285714285	0.3318239795918367	0.39715835296223595
distance	20	0.55	0.6101041666666667	0.4719884774333597
containment	28	0.2857142857142857	0.5342412217412217	0.4319803778857161
metaphor	27	0.2962962962962963	0.3358024691358025	0.4495643456717327
