reasoning_type	num_tests	acc_wo_partial_credit	acc_w_partial_credit	stdev_acc_w_partial_credit
motion	12	0.5	0.8020833333333331	0.2799753925290769
orientation	7	0.14285714285714285	0.5548008786848072	0.38950515927076995
distance	20	0.5	0.7422916666666667	0.34570849905584394
containment	28	0.25	0.5298470819304153	0.4304694630794524
metaphor	27	0.14814814814814814	0.22561728395061728	0.36043707537809955
