reasoning_type	num_tests	acc_wo_partial_credit	acc_w_partial_credit	stdev_acc_w_partial_credit
motion	12	0.08333333333333333	0.4571759259259259	0.3658524354762392
orientation	7	0.0	0.1721938775510204	0.21839426609460588
distance	20	0.45	0.5304166666666668	0.48312693150397285
containment	28	0.25	0.2840182579765913	0.4224047480623599
metaphor	27	0.7037037037037037	0.7449074074074075	0.41217382248892315
