reasoning_type	num_tests	acc_wo_partial_credit	acc_w_partial_credit	stdev_acc_w_partial_credit
motion	12	0.08333333333333333	0.3020833333333333	0.43070953787734784
orientation	5	0.4	0.4	0.48989794855663565
distance	20	0.3	0.3	0.45825756949558394
containment	28	0.5	0.5	0.5
metaphor	27	0.07407407407407407	0.09979423868312758	0.2696611765965275
