reasoning_type	num_tests	acc_wo_partial_credit	acc_w_partial_credit	stdev_acc_w_partial_credit
motion	12	0.4166666666666667	0.8171296296296297	0.2552076772058417
orientation	5	0.2	0.533932778932779	0.362317723983802
distance	20	0.5	0.6958333333333333	0.3712544425473063
containment	28	0.25	0.5681567660734327	0.39590939343183784
metaphor	27	0.14814814814814814	0.26856995884773666	0.38705496963376756
