reasoning_type	num_tests	acc_wo_partial_credit	acc_w_partial_credit	stdev_acc_w_partial_credit
motion	12	0.3333333333333333	0.710648148148148	0.30700326931991107
orientation	7	0.0	0.32097859977324256	0.23311328134958292
distance	20	0.55	0.60125	0.4577441288536642
containment	28	0.21428571428571427	0.529260862594196	0.4167996855049643
metaphor	27	0.2222222222222222	0.3469135802469136	0.42882956404702566
